{"SVC": [0.916600707578968, 0.010356110180350963], "RandomForest": [0.9177963359781437, 0.018221815558035006], "KNeighbors": [0.8729936236723145, 0.022504502849960112]}