{"C1-D1": [92.39382238921972, 0.42471042178145085, 0.41372446772214533, 0.033373225626038165], "C2-D1": [91.44787645247912, 0.7820320102399958, 0.418337112642163, 0.019471142924592122], "C3-D1": [90.30888031118165, 0.9798129298688752, 0.5204600377202494, 0.05317841451691427], "C3-D2": [90.2123552238619, 0.33492956372818294, 0.607253196018543, 0.06738978593144535], "C3-D3": [91.00386100846367, 1.2306855124320815, 0.4285225734057113, 0.06219938172041146]}