{"C1-D1": [90.25096525096527, 1.4606897510839196, 0.5141680843121297, 0.0662327390863511], "C2-D1": [91.17760619601685, 0.5921954369606446, 0.4348238756297638, 0.047285364373340744], "C3-D1": [90.90733590273324, 0.8566296301428385, 0.5131484897440464, 0.07505835692675768], "C3-D2": [90.34749037050372, 0.0, 0.6505207274411176, 0.0], "C3-D3": [91.50579152880489, 0.5322026545208591, 0.4332838594223081, 0.01778583375182839]}