{"C1-C2-D1-D2-D3": [86.31274132539866, 4.834317586350704, 0.6827254400059983, 0.10628690698927971], "C1-D1-D2-D3": [90.65637066557602, 1.1130143019526728, 0.6422132091172414, 0.07035462879079615], "C1-C2-D1-D2": [89.7490347582401, 0.8256140956987499, 0.580214705200269, 0.06162796557299608], "C1-D1-D2": [91.04247105167642, 0.6808954471733075, 0.4976640829938718, 0.06634651321456955]}